date,home_team,away_team,home_score,away_score
2024-08-24T16:30:00Z,Parma Calcio 1913,AC Milan,2,1
2024-08-24T16:30:00Z,Udinese Calcio,SS Lazio,2,1
2024-08-24T18:45:00Z,FC Internazionale Milano,US Lecce,2,0
2024-08-24T18:45:00Z,AC Monza,Genoa CFC,0,1
2024-08-25T16:30:00Z,ACF Fiorentina,Venezia FC,0,0
2024-08-25T16:30:00Z,Torino FC,Atalanta BC,2,1
2024-08-25T18:45:00Z,SSC Napoli,Bologna FC 1909,3,0
2024-08-25T18:45:00Z,AS Roma,Empoli FC,1,2
2024-08-26T16:30:00Z,Cagliari Calcio,Como 1907,1,1
2024-08-26T18:45:00Z,Hellas Verona FC,Juventus FC,0,3
2024-08-30T16:30:00Z,Venezia FC,Torino FC,0,1
2024-08-30T18:45:00Z,FC Internazionale Milano,Atalanta BC,4,0
2024-08-31T16:30:00Z,Bologna FC 1909,Empoli FC,1,1
2024-08-31T16:30:00Z,US Lecce,Cagliari Calcio,1,0
2024-08-31T18:45:00Z,SS Lazio,AC Milan,2,2
2024-08-31T18:45:00Z,SSC Napoli,Parma Calcio 1913,2,1
2024-09-01T16:30:00Z,ACF Fiorentina,AC Monza,2,2
2024-09-01T16:30:00Z,Genoa CFC,Hellas Verona FC,0,2
2024-09-01T18:45:00Z,Juventus FC,AS Roma,0,0
2024-09-01T18:45:00Z,Udinese Calcio,Como 1907,1,0
2024-09-14T13:00:00Z,Como 1907,Bologna FC 1909,2,2
2024-09-14T16:00:00Z,Empoli FC,Juventus FC,0,0
2024-09-14T18:45:00Z,AC Milan,Venezia FC,4,0
2024-09-15T10:30:00Z,Genoa CFC,AS Roma,1,1
2024-09-15T13:00:00Z,Atalanta BC,ACF Fiorentina,3,2
2024-09-15T13:00:00Z,Torino FC,US Lecce,0,0
2024-09-15T16:00:00Z,Cagliari Calcio,SSC Napoli,0,4
2024-09-15T18:45:00Z,AC Monza,FC Internazionale Milano,1,1
2024-09-16T16:30:00Z,Parma Calcio 1913,Udinese Calcio,2,3
2024-09-16T18:45:00Z,SS Lazio,Hellas Verona FC,2,1
2024-09-20T16:30:00Z,Cagliari Calcio,Empoli FC,0,2
2024-09-20T18:45:00Z,Hellas Verona FC,Torino FC,2,3
2024-09-21T13:00:00Z,Venezia FC,Genoa CFC,2,0
2024-09-21T16:00:00Z,Juventus FC,SSC Napoli,0,0
2024-09-21T18:45:00Z,US Lecce,Parma Calcio 1913,2,2
2024-09-22T10:30:00Z,ACF Fiorentina,SS Lazio,2,1
2024-09-22T13:00:00Z,AC Monza,Bologna FC 1909,1,2
2024-09-22T16:00:00Z,AS Roma,Udinese Calcio,3,0
2024-09-22T18:45:00Z,FC Internazionale Milano,AC Milan,1,2
2024-09-24T18:45:00Z,Atalanta BC,Como 1907,2,3
2024-09-27T18:45:00Z,AC Milan,US Lecce,3,0
2024-09-28T13:00:00Z,Udinese Calcio,FC Internazionale Milano,2,3
2024-09-28T16:00:00Z,Genoa CFC,Juventus FC,0,3
2024-09-28T18:45:00Z,Bologna FC 1909,Atalanta BC,1,1
2024-09-29T10:30:00Z,Torino FC,SS Lazio,2,3
2024-09-29T13:00:00Z,Como 1907,Hellas Verona FC,3,2
2024-09-29T13:00:00Z,AS Roma,Venezia FC,2,1
2024-09-29T16:00:00Z,Empoli FC,ACF Fiorentina,0,0
2024-09-29T18:45:00Z,SSC Napoli,AC Monza,2,0
2024-09-30T18:45:00Z,Parma Calcio 1913,Cagliari Calcio,2,3
2024-10-04T16:30:00Z,SSC Napoli,Como 1907,3,1
2024-10-04T18:45:00Z,Hellas Verona FC,Venezia FC,2,1
2024-10-05T13:00:00Z,Udinese Calcio,US Lecce,1,0
2024-10-05T16:00:00Z,Atalanta BC,Genoa CFC,5,1
2024-10-05T18:45:00Z,FC Internazionale Milano,Torino FC,3,2
2024-10-06T10:30:00Z,Juventus FC,Cagliari Calcio,1,1
2024-10-06T13:00:00Z,Bologna FC 1909,Parma Calcio 1913,0,0
2024-10-06T13:00:00Z,SS Lazio,Empoli FC,2,1
2024-10-06T16:00:00Z,AC Monza,AS Roma,1,1
2024-10-06T18:45:00Z,ACF Fiorentina,AC Milan,2,1
2024-10-19T13:00:00Z,Como 1907,Parma Calcio 1913,1,1
2024-10-19T13:00:00Z,Genoa CFC,Bologna FC 1909,2,2
2024-10-19T16:00:00Z,AC Milan,Udinese Calcio,1,0
2024-10-19T18:45:00Z,Juventus FC,SS Lazio,1,0
2024-10-20T10:30:00Z,Empoli FC,SSC Napoli,0,1
2024-10-20T13:00:00Z,US Lecce,ACF Fiorentina,0,6
2024-10-20T13:00:00Z,Venezia FC,Atalanta BC,0,2
2024-10-20T16:00:00Z,Cagliari Calcio,Torino FC,3,2
2024-10-20T18:45:00Z,AS Roma,FC Internazionale Milano,0,1
2024-10-21T18:45:00Z,Hellas Verona FC,AC Monza,0,3
2024-10-25T16:30:00Z,Udinese Calcio,Cagliari Calcio,2,0
2024-10-25T18:45:00Z,Torino FC,Como 1907,1,0
2024-10-26T13:00:00Z,SSC Napoli,US Lecce,1,0
2024-10-26T18:45:00Z,Atalanta BC,Hellas Verona FC,6,1
2024-10-27T11:30:00Z,Parma Calcio 1913,Empoli FC,1,1
2024-10-27T14:00:00Z,SS Lazio,Genoa CFC,3,0
2024-10-27T14:00:00Z,AC Monza,Venezia FC,2,2
2024-10-27T17:00:00Z,FC Internazionale Milano,Juventus FC,4,4
2024-10-27T19:45:00Z,ACF Fiorentina,AS Roma,5,1
2024-10-29T17:30:00Z,Cagliari Calcio,Bologna FC 1909,0,2
2024-10-29T17:30:00Z,US Lecce,Hellas Verona FC,1,0
2024-10-29T19:45:00Z,AC Milan,SSC Napoli,0,2
2024-10-30T17:30:00Z,Empoli FC,FC Internazionale Milano,0,3
2024-10-30T17:30:00Z,Venezia FC,Udinese Calcio,3,2
2024-10-30T19:45:00Z,Atalanta BC,AC Monza,2,0
2024-10-30T19:45:00Z,Juventus FC,Parma Calcio 1913,2,2
2024-10-31T17:30:00Z,Genoa CFC,ACF Fiorentina,0,1
2024-10-31T19:45:00Z,Como 1907,SS Lazio,1,5
2024-10-31T19:45:00Z,AS Roma,Torino FC,1,0
2024-11-02T14:00:00Z,Bologna FC 1909,US Lecce,1,0
2024-11-02T17:00:00Z,Udinese Calcio,Juventus FC,0,2
2024-11-02T19:45:00Z,AC Monza,AC Milan,0,1
2024-11-03T11:30:00Z,SSC Napoli,Atalanta BC,0,3
2024-11-03T14:00:00Z,Torino FC,ACF Fiorentina,0,1
2024-11-03T17:00:00Z,Hellas Verona FC,AS Roma,3,2
2024-11-03T19:45:00Z,FC Internazionale Milano,Venezia FC,1,0
2024-11-04T17:30:00Z,Empoli FC,Como 1907,1,0
2024-11-04T17:30:00Z,Parma Calcio 1913,Genoa CFC,0,1
2024-11-04T19:45:00Z,SS Lazio,Cagliari Calcio,2,1
2024-11-07T19:45:00Z,Genoa CFC,Como 1907,1,1
2024-11-08T19:45:00Z,US Lecce,Empoli FC,1,1
2024-11-09T14:00:00Z,Venezia FC,Parma Calcio 1913,1,2
2024-11-09T17:00:00Z,Cagliari Calcio,AC Milan,3,3
2024-11-09T19:45:00Z,Juventus FC,Torino FC,2,0
2024-11-10T11:30:00Z,Atalanta BC,Udinese Calcio,2,1
2024-11-10T14:00:00Z,ACF Fiorentina,Hellas Verona FC,3,1
2024-11-10T14:00:00Z,AS Roma,Bologna FC 1909,2,3
2024-11-10T17:00:00Z,AC Monza,SS Lazio,0,1
2024-11-10T19:45:00Z,FC Internazionale Milano,SSC Napoli,1,1
2024-11-23T14:00:00Z,Hellas Verona FC,FC Internazionale Milano,0,5
2024-11-23T17:00:00Z,AC Milan,Juventus FC,0,0
2024-11-23T19:45:00Z,Parma Calcio 1913,Atalanta BC,1,3
2024-11-24T11:30:00Z,Genoa CFC,Cagliari Calcio,2,2
2024-11-24T14:00:00Z,Como 1907,ACF Fiorentina,0,2
2024-11-24T14:00:00Z,Torino FC,AC Monza,1,1
2024-11-24T17:00:00Z,SSC Napoli,AS Roma,1,0
2024-11-24T19:45:00Z,SS Lazio,Bologna FC 1909,3,0
2024-11-25T17:30:00Z,Empoli FC,Udinese Calcio,1,1
2024-11-25T19:45:00Z,Venezia FC,US Lecce,0,1
2024-08-23T17:00:00Z,RC Celta de Vigo,Valencia CF,3,1
2024-08-23T19:30:00Z,Sevilla FC,Villarreal CF,1,2
2024-08-24T15:00:00Z,CA Osasuna,RCD Mallorca,1,0
2024-08-24T17:00:00Z,FC Barcelona,Athletic Club,2,1
2024-08-24T19:30:00Z,Getafe CF,Rayo Vallecano de Madrid,0,0
2024-08-24T19:30:00Z,RCD Espanyol de Barcelona,Real Sociedad de Fútbol,0,1
2024-08-25T15:00:00Z,Real Madrid CF,Real Valladolid CF,3,0
2024-08-25T17:00:00Z,CD Leganés,UD Las Palmas,2,1
2024-08-25T17:15:00Z,Deportivo Alavés,Real Betis Balompié,0,0
2024-08-25T19:30:00Z,Club Atlético de Madrid,Girona FC,3,0
2024-08-26T19:30:00Z,Villarreal CF,RC Celta de Vigo,4,3
2024-08-27T17:00:00Z,RCD Mallorca,Sevilla FC,0,0
2024-08-27T19:30:00Z,Rayo Vallecano de Madrid,FC Barcelona,1,2
2024-08-28T17:00:00Z,Athletic Club,Valencia CF,1,0
2024-08-28T17:00:00Z,Real Valladolid CF,CD Leganés,0,0
2024-08-28T19:30:00Z,Real Sociedad de Fútbol,Deportivo Alavés,1,2
2024-08-28T19:30:00Z,Club Atlético de Madrid,RCD Espanyol de Barcelona,0,0
2024-08-29T17:00:00Z,Girona FC,CA Osasuna,4,0
2024-08-29T19:30:00Z,UD Las Palmas,Real Madrid CF,1,1
2024-08-31T15:00:00Z,FC Barcelona,Real Valladolid CF,7,0
2024-08-31T17:00:00Z,Athletic Club,Club Atlético de Madrid,0,1
2024-08-31T17:15:00Z,RCD Espanyol de Barcelona,Rayo Vallecano de Madrid,2,1
2024-08-31T19:30:00Z,CD Leganés,RCD Mallorca,0,1
2024-08-31T19:30:00Z,Valencia CF,Villarreal CF,1,1
2024-09-01T15:00:00Z,CA Osasuna,RC Celta de Vigo,3,2
2024-09-01T15:00:00Z,Deportivo Alavés,UD Las Palmas,2,0
2024-09-01T17:00:00Z,Sevilla FC,Girona FC,0,2
2024-09-01T17:15:00Z,Getafe CF,Real Sociedad de Fútbol,0,0
2024-09-01T19:30:00Z,Real Madrid CF,Real Betis Balompié,2,0
2024-09-13T19:00:00Z,Real Betis Balompié,CD Leganés,2,0
2024-09-14T12:00:00Z,RCD Mallorca,Villarreal CF,1,2
2024-09-14T14:15:00Z,RCD Espanyol de Barcelona,Deportivo Alavés,3,2
2024-09-14T16:30:00Z,Sevilla FC,Getafe CF,1,0
2024-09-14T19:00:00Z,Real Sociedad de Fútbol,Real Madrid CF,0,2
2024-09-15T12:00:00Z,RC Celta de Vigo,Real Valladolid CF,3,1
2024-09-15T14:15:00Z,Girona FC,FC Barcelona,1,4
2024-09-15T16:30:00Z,UD Las Palmas,Athletic Club,2,3
2024-09-15T19:00:00Z,Club Atlético de Madrid,Valencia CF,3,0
2024-09-16T19:00:00Z,Rayo Vallecano de Madrid,CA Osasuna,3,1
2024-09-17T17:00:00Z,RCD Mallorca,Real Sociedad de Fútbol,1,0
2024-09-18T17:00:00Z,Real Betis Balompié,Getafe CF,2,1
2024-09-19T17:00:00Z,CD Leganés,Athletic Club,0,2
2024-09-20T19:00:00Z,Deportivo Alavés,Sevilla FC,2,1
2024-09-21T12:00:00Z,Real Valladolid CF,Real Sociedad de Fútbol,0,0
2024-09-21T14:15:00Z,CA Osasuna,UD Las Palmas,2,1
2024-09-21T16:30:00Z,Valencia CF,Girona FC,2,0
2024-09-21T19:00:00Z,Real Madrid CF,RCD Espanyol de Barcelona,4,1
2024-09-22T12:00:00Z,Getafe CF,CD Leganés,1,1
2024-09-22T14:15:00Z,Athletic Club,RC Celta de Vigo,3,1
2024-09-22T16:30:00Z,Villarreal CF,FC Barcelona,1,5
2024-09-22T19:00:00Z,Rayo Vallecano de Madrid,Club Atlético de Madrid,1,1
2024-09-23T19:00:00Z,Real Betis Balompié,RCD Mallorca,1,2
2024-09-24T17:00:00Z,Sevilla FC,Real Valladolid CF,2,1
2024-09-24T17:00:00Z,Valencia CF,CA Osasuna,0,0
2024-09-24T19:00:00Z,Real Madrid CF,Deportivo Alavés,3,2
2024-09-25T17:00:00Z,Girona FC,Rayo Vallecano de Madrid,0,0
2024-09-25T19:00:00Z,FC Barcelona,Getafe CF,1,0
2024-09-26T17:00:00Z,UD Las Palmas,Real Betis Balompié,1,1
2024-09-26T17:00:00Z,RCD Espanyol de Barcelona,Villarreal CF,1,2
2024-09-26T19:00:00Z,RC Celta de Vigo,Club Atlético de Madrid,0,1
2024-09-27T19:00:00Z,Real Valladolid CF,RCD Mallorca,1,2
2024-09-28T12:00:00Z,Getafe CF,Deportivo Alavés,2,0
2024-09-28T14:15:00Z,Rayo Vallecano de Madrid,CD Leganés,1,1
2024-09-28T16:30:00Z,Real Sociedad de Fútbol,Valencia CF,3,0
2024-09-28T19:00:00Z,CA Osasuna,FC Barcelona,4,2
2024-09-29T12:00:00Z,RC Celta de Vigo,Girona FC,1,1
2024-09-29T14:15:00Z,Athletic Club,Sevilla FC,1,1
2024-09-29T16:30:00Z,Real Betis Balompié,RCD Espanyol de Barcelona,1,0
2024-09-29T19:00:00Z,Club Atlético de Madrid,Real Madrid CF,1,1
2024-09-30T19:00:00Z,Villarreal CF,UD Las Palmas,3,1
2024-10-04T19:00:00Z,CD Leganés,Valencia CF,0,0
2024-10-05T12:00:00Z,RCD Espanyol de Barcelona,RCD Mallorca,2,1
2024-10-05T14:15:00Z,Getafe CF,CA Osasuna,1,1
2024-10-05T16:30:00Z,Real Valladolid CF,Rayo Vallecano de Madrid,1,2
2024-10-05T16:30:00Z,UD Las Palmas,RC Celta de Vigo,0,1
2024-10-05T19:00:00Z,Real Madrid CF,Villarreal CF,2,0
2024-10-06T12:00:00Z,Girona FC,Athletic Club,2,1
2024-10-06T14:15:00Z,Deportivo Alavés,FC Barcelona,0,3
2024-10-06T16:30:00Z,Sevilla FC,Real Betis Balompié,1,0
2024-10-06T19:00:00Z,Real Sociedad de Fútbol,Club Atlético de Madrid,1,1
2024-10-18T19:00:00Z,Deportivo Alavés,Real Valladolid CF,2,3
2024-10-19T12:00:00Z,Athletic Club,RCD Espanyol de Barcelona,4,1
2024-10-19T14:15:00Z,CA Osasuna,Real Betis Balompié,1,2
2024-10-19T16:30:00Z,Girona FC,Real Sociedad de Fútbol,0,1
2024-10-19T19:00:00Z,RC Celta de Vigo,Real Madrid CF,1,2
2024-10-20T12:00:00Z,RCD Mallorca,Rayo Vallecano de Madrid,1,0
2024-10-20T14:15:00Z,Club Atlético de Madrid,CD Leganés,3,1
2024-10-20T16:30:00Z,Villarreal CF,Getafe CF,1,1
2024-10-20T19:00:00Z,FC Barcelona,Sevilla FC,5,1
2024-10-21T19:00:00Z,Valencia CF,UD Las Palmas,2,3
2024-10-25T19:00:00Z,RCD Espanyol de Barcelona,Sevilla FC,0,2
2024-10-26T12:00:00Z,Real Valladolid CF,Villarreal CF,1,2
2024-10-26T14:15:00Z,Rayo Vallecano de Madrid,Deportivo Alavés,1,0
2024-10-26T16:30:00Z,UD Las Palmas,Girona FC,1,0
2024-10-26T19:00:00Z,Real Madrid CF,FC Barcelona,0,4
2024-10-27T13:00:00Z,CD Leganés,RC Celta de Vigo,3,0
2024-10-27T15:15:00Z,Getafe CF,Valencia CF,1,1
2024-10-27T17:30:00Z,Real Betis Balompié,Club Atlético de Madrid,1,0
2024-10-27T20:00:00Z,Real Sociedad de Fútbol,CA Osasuna,0,2
2024-10-28T20:00:00Z,RCD Mallorca,Athletic Club,0,0
2024-11-01T20:00:00Z,Deportivo Alavés,RCD Mallorca,1,0
2024-11-02T13:00:00Z,CA Osasuna,Real Valladolid CF,1,0
2024-11-02T15:15:00Z,Girona FC,CD Leganés,4,3
2024-11-03T13:00:00Z,Club Atlético de Madrid,UD Las Palmas,2,0
2024-11-03T15:15:00Z,FC Barcelona,RCD Espanyol de Barcelona,3,1
2024-11-03T17:30:00Z,Sevilla FC,Real Sociedad de Fútbol,0,2
2024-11-03T20:00:00Z,Athletic Club,Real Betis Balompié,1,1
2024-11-04T20:00:00Z,RC Celta de Vigo,Getafe CF,1,0
2024-11-08T20:00:00Z,Rayo Vallecano de Madrid,UD Las Palmas,1,3
2024-11-09T13:00:00Z,Real Madrid CF,CA Osasuna,4,0
2024-11-09T15:15:00Z,Villarreal CF,Deportivo Alavés,3,0
2024-11-09T20:00:00Z,CD Leganés,Sevilla FC,1,0
2024-11-10T13:00:00Z,Real Betis Balompié,RC Celta de Vigo,2,2
2024-11-10T15:15:00Z,RCD Mallorca,Club Atlético de Madrid,0,1
2024-11-10T17:30:00Z,Getafe CF,Girona FC,0,1
2024-11-10T17:30:00Z,Real Valladolid CF,Athletic Club,1,1
2024-11-10T20:00:00Z,Real Sociedad de Fútbol,FC Barcelona,1,0
2024-11-22T20:00:00Z,Getafe CF,Real Valladolid CF,2,0
2024-11-23T13:00:00Z,Valencia CF,Real Betis Balompié,4,2
2024-11-23T15:15:00Z,Club Atlético de Madrid,Deportivo Alavés,2,1
2024-11-23T17:30:00Z,UD Las Palmas,RCD Mallorca,2,3
2024-11-23T17:30:00Z,Girona FC,RCD Espanyol de Barcelona,4,1
2024-11-23T20:00:00Z,RC Celta de Vigo,FC Barcelona,2,2
2024-11-24T13:00:00Z,CA Osasuna,Villarreal CF,2,2
2024-11-24T15:15:00Z,Sevilla FC,Rayo Vallecano de Madrid,1,0
2024-11-24T17:30:00Z,CD Leganés,Real Madrid CF,0,3
2024-11-24T20:00:00Z,Athletic Club,Real Sociedad de Fútbol,1,0
2024-08-24T11:30:00Z,Brighton & Hove Albion FC,Manchester United FC,2,1
2024-08-24T14:00:00Z,Crystal Palace FC,West Ham United FC,0,2
2024-08-24T14:00:00Z,Fulham FC,Leicester City FC,2,1
2024-08-24T14:00:00Z,Manchester City FC,Ipswich Town FC,4,1
2024-08-24T14:00:00Z,Southampton FC,Nottingham Forest FC,0,1
2024-08-24T14:00:00Z,Tottenham Hotspur FC,Everton FC,4,0
2024-08-24T16:30:00Z,Aston Villa FC,Arsenal FC,0,2
2024-08-25T13:00:00Z,AFC Bournemouth,Newcastle United FC,1,1
2024-08-25T13:00:00Z,Wolverhampton Wanderers FC,Chelsea FC,2,6
2024-08-25T15:30:00Z,Liverpool FC,Brentford FC,2,0
2024-08-31T11:30:00Z,Arsenal FC,Brighton & Hove Albion FC,1,1
2024-08-31T14:00:00Z,Brentford FC,Southampton FC,3,1
2024-08-31T14:00:00Z,Everton FC,AFC Bournemouth,2,3
2024-08-31T14:00:00Z,Ipswich Town FC,Fulham FC,1,1
2024-08-31T14:00:00Z,Leicester City FC,Aston Villa FC,1,2
2024-08-31T14:00:00Z,Nottingham Forest FC,Wolverhampton Wanderers FC,1,1
2024-08-31T16:30:00Z,West Ham United FC,Manchester City FC,1,3
2024-09-01T12:30:00Z,Chelsea FC,Crystal Palace FC,1,1
2024-09-01T12:30:00Z,Newcastle United FC,Tottenham Hotspur FC,2,1
2024-09-01T15:00:00Z,Manchester United FC,Liverpool FC,0,3
2024-09-14T11:30:00Z,Southampton FC,Manchester United FC,0,3
2024-09-14T14:00:00Z,Brighton & Hove Albion FC,Ipswich Town FC,0,0
2024-09-14T14:00:00Z,Crystal Palace FC,Leicester City FC,2,2
2024-09-14T14:00:00Z,Fulham FC,West Ham United FC,1,1
2024-09-14T14:00:00Z,Liverpool FC,Nottingham Forest FC,0,1
2024-09-14T14:00:00Z,Manchester City FC,Brentford FC,2,1
2024-09-14T16:30:00Z,Aston Villa FC,Everton FC,3,2
2024-09-14T19:00:00Z,AFC Bournemouth,Chelsea FC,0,1
2024-09-15T13:00:00Z,Tottenham Hotspur FC,Arsenal FC,0,1
2024-09-15T15:30:00Z,Wolverhampton Wanderers FC,Newcastle United FC,1,2
2024-09-21T11:30:00Z,West Ham United FC,Chelsea FC,0,3
2024-09-21T14:00:00Z,Aston Villa FC,Wolverhampton Wanderers FC,3,1
2024-09-21T14:00:00Z,Fulham FC,Newcastle United FC,3,1
2024-09-21T14:00:00Z,Leicester City FC,Everton FC,1,1
2024-09-21T14:00:00Z,Liverpool FC,AFC Bournemouth,3,0
2024-09-21T14:00:00Z,Southampton FC,Ipswich Town FC,1,1
2024-09-21T14:00:00Z,Tottenham Hotspur FC,Brentford FC,3,1
2024-09-21T16:30:00Z,Crystal Palace FC,Manchester United FC,0,0
2024-09-22T13:00:00Z,Brighton & Hove Albion FC,Nottingham Forest FC,2,2
2024-09-22T15:30:00Z,Manchester City FC,Arsenal FC,2,2
2024-09-28T11:30:00Z,Newcastle United FC,Manchester City FC,1,1
2024-09-28T14:00:00Z,Arsenal FC,Leicester City FC,4,2
2024-09-28T14:00:00Z,Brentford FC,West Ham United FC,1,1
2024-09-28T14:00:00Z,Chelsea FC,Brighton & Hove Albion FC,4,2
2024-09-28T14:00:00Z,Everton FC,Crystal Palace FC,2,1
2024-09-28T14:00:00Z,Nottingham Forest FC,Fulham FC,0,1
2024-09-28T16:30:00Z,Wolverhampton Wanderers FC,Liverpool FC,1,2
2024-09-29T13:00:00Z,Ipswich Town FC,Aston Villa FC,2,2
2024-09-29T15:30:00Z,Manchester United FC,Tottenham Hotspur FC,0,3
2024-09-30T19:00:00Z,AFC Bournemouth,Southampton FC,3,1
2024-10-05T11:30:00Z,Crystal Palace FC,Liverpool FC,0,1
2024-10-05T14:00:00Z,Arsenal FC,Southampton FC,3,1
2024-10-05T14:00:00Z,Brentford FC,Wolverhampton Wanderers FC,5,3
2024-10-05T14:00:00Z,Leicester City FC,AFC Bournemouth,1,0
2024-10-05T14:00:00Z,Manchester City FC,Fulham FC,3,2
2024-10-05T14:00:00Z,West Ham United FC,Ipswich Town FC,4,1
2024-10-05T16:30:00Z,Everton FC,Newcastle United FC,0,0
2024-10-06T13:00:00Z,Aston Villa FC,Manchester United FC,0,0
2024-10-06T13:00:00Z,Chelsea FC,Nottingham Forest FC,1,1
2024-10-06T15:30:00Z,Brighton & Hove Albion FC,Tottenham Hotspur FC,3,2
2024-10-19T11:30:00Z,Tottenham Hotspur FC,West Ham United FC,4,1
2024-10-19T14:00:00Z,Fulham FC,Aston Villa FC,1,3
2024-10-19T14:00:00Z,Ipswich Town FC,Everton FC,0,2
2024-10-19T14:00:00Z,Manchester United FC,Brentford FC,2,1
2024-10-19T14:00:00Z,Newcastle United FC,Brighton & Hove Albion FC,0,1
2024-10-19T14:00:00Z,Southampton FC,Leicester City FC,2,3
2024-10-19T16:30:00Z,AFC Bournemouth,Arsenal FC,2,0
2024-10-20T13:00:00Z,Wolverhampton Wanderers FC,Manchester City FC,1,2
2024-10-20T15:30:00Z,Liverpool FC,Chelsea FC,2,1
2024-10-21T19:00:00Z,Nottingham Forest FC,Crystal Palace FC,1,0
2024-10-25T19:00:00Z,Leicester City FC,Nottingham Forest FC,1,3
2024-10-26T14:00:00Z,Aston Villa FC,AFC Bournemouth,1,1
2024-10-26T14:00:00Z,Brentford FC,Ipswich Town FC,4,3
2024-10-26T14:00:00Z,Brighton & Hove Albion FC,Wolverhampton Wanderers FC,2,2
2024-10-26T14:00:00Z,Manchester City FC,Southampton FC,1,0
2024-10-26T16:30:00Z,Everton FC,Fulham FC,1,1
2024-10-27T14:00:00Z,Chelsea FC,Newcastle United FC,2,1
2024-10-27T14:00:00Z,Crystal Palace FC,Tottenham Hotspur FC,1,0
2024-10-27T14:00:00Z,West Ham United FC,Manchester United FC,2,1
2024-10-27T16:30:00Z,Arsenal FC,Liverpool FC,2,2
2024-11-02T12:30:00Z,Newcastle United FC,Arsenal FC,1,0
2024-11-02T15:00:00Z,AFC Bournemouth,Manchester City FC,2,1
2024-11-02T15:00:00Z,Ipswich Town FC,Leicester City FC,1,1
2024-11-02T15:00:00Z,Liverpool FC,Brighton & Hove Albion FC,2,1
2024-11-02T15:00:00Z,Nottingham Forest FC,West Ham United FC,3,0
2024-11-02T15:00:00Z,Southampton FC,Everton FC,1,0
2024-11-02T17:30:00Z,Wolverhampton Wanderers FC,Crystal Palace FC,2,2
2024-11-03T14:00:00Z,Tottenham Hotspur FC,Aston Villa FC,4,1
2024-11-03T16:30:00Z,Manchester United FC,Chelsea FC,1,1
2024-11-04T20:00:00Z,Fulham FC,Brentford FC,2,1
2024-11-09T15:00:00Z,Brentford FC,AFC Bournemouth,3,2
2024-11-09T15:00:00Z,Crystal Palace FC,Fulham FC,0,2
2024-11-09T15:00:00Z,West Ham United FC,Everton FC,0,0
2024-11-09T15:00:00Z,Wolverhampton Wanderers FC,Southampton FC,2,0
2024-11-09T17:30:00Z,Brighton & Hove Albion FC,Manchester City FC,2,1
2024-11-09T20:00:00Z,Liverpool FC,Aston Villa FC,2,0
2024-11-10T14:00:00Z,Manchester United FC,Leicester City FC,3,0
2024-11-10T14:00:00Z,Nottingham Forest FC,Newcastle United FC,1,3
2024-11-10T14:00:00Z,Tottenham Hotspur FC,Ipswich Town FC,1,2
2024-11-10T16:30:00Z,Chelsea FC,Arsenal FC,1,1
2024-11-23T12:30:00Z,Leicester City FC,Chelsea FC,1,2
2024-11-23T15:00:00Z,AFC Bournemouth,Brighton & Hove Albion FC,1,2
2024-11-23T15:00:00Z,Arsenal FC,Nottingham Forest FC,3,0
2024-11-23T15:00:00Z,Aston Villa FC,Crystal Palace FC,2,2
2024-11-23T15:00:00Z,Everton FC,Brentford FC,0,0
2024-11-23T15:00:00Z,Fulham FC,Wolverhampton Wanderers FC,1,4
2024-11-23T17:30:00Z,Manchester City FC,Tottenham Hotspur FC,0,4
2024-11-24T14:00:00Z,Southampton FC,Liverpool FC,2,3
2024-11-24T16:30:00Z,Ipswich Town FC,Manchester United FC,1,1
2024-11-25T20:00:00Z,Newcastle United FC,West Ham United FC,0,2
2024-08-23T18:45:00Z,Paris Saint-Germain FC,Montpellier HSC,6,0
2024-08-24T15:00:00Z,Olympique Lyonnais,AS Monaco FC,0,2
2024-08-24T17:00:00Z,Lille OSC,Angers SCO,2,0
2024-08-24T19:00:00Z,AS Saint-Étienne,Le Havre AC,0,2
2024-08-25T13:00:00Z,Racing Club de Lens,Stade Brestois 29,2,0
2024-08-25T15:00:00Z,RC Strasbourg Alsace,Stade Rennais FC 1901,3,1
2024-08-25T15:00:00Z,FC Nantes,AJ Auxerre,2,0
2024-08-25T15:00:00Z,OGC Nice,Toulouse FC,1,1
2024-08-25T18:45:00Z,Olympique de Marseille,Stade de Reims,2,2
2024-08-30T18:45:00Z,Olympique Lyonnais,RC Strasbourg Alsace,4,3
2024-08-31T15:00:00Z,Stade Brestois 29,AS Saint-Étienne,4,0
2024-08-31T17:00:00Z,Montpellier HSC,FC Nantes,1,3
2024-08-31T19:00:00Z,Toulouse FC,Olympique de Marseille,1,3
2024-09-01T13:00:00Z,AS Monaco FC,Racing Club de Lens,1,1
2024-09-01T15:00:00Z,Angers SCO,OGC Nice,1,4
2024-09-01T15:00:00Z,Le Havre AC,AJ Auxerre,3,1
2024-09-01T15:00:00Z,Stade de Reims,Stade Rennais FC 1901,2,1
2024-09-01T18:45:00Z,Lille OSC,Paris Saint-Germain FC,1,3
2024-09-13T18:45:00Z,AS Saint-Étienne,Lille OSC,1,0
2024-09-14T15:00:00Z,Olympique de Marseille,OGC Nice,2,0
2024-09-14T17:00:00Z,AJ Auxerre,AS Monaco FC,0,3
2024-09-14T19:00:00Z,Paris Saint-Germain FC,Stade Brestois 29,3,1
2024-09-15T13:00:00Z,Stade Rennais FC 1901,Montpellier HSC,3,0
2024-09-15T15:00:00Z,FC Nantes,Stade de Reims,1,2
2024-09-15T15:00:00Z,Toulouse FC,Le Havre AC,2,0
2024-09-15T15:00:00Z,RC Strasbourg Alsace,Angers SCO,1,1
2024-09-15T18:45:00Z,Racing Club de Lens,Olympique Lyonnais,0,0
2024-09-20T18:45:00Z,OGC Nice,AS Saint-Étienne,8,0
2024-09-21T15:00:00Z,Lille OSC,RC Strasbourg Alsace,3,3
2024-09-21T17:00:00Z,Stade Rennais FC 1901,Racing Club de Lens,1,1
2024-09-21T19:00:00Z,Stade de Reims,Paris Saint-Germain FC,1,1
2024-09-22T13:00:00Z,AS Monaco FC,Le Havre AC,3,1
2024-09-22T15:00:00Z,Stade Brestois 29,Toulouse FC,2,0
2024-09-22T15:00:00Z,Angers SCO,FC Nantes,1,1
2024-09-22T15:00:00Z,Montpellier HSC,AJ Auxerre,3,2
2024-09-22T18:45:00Z,Olympique Lyonnais,Olympique de Marseille,2,3
2024-09-27T17:00:00Z,AJ Auxerre,Stade Brestois 29,3,0
2024-09-27T19:00:00Z,Paris Saint-Germain FC,Stade Rennais FC 1901,3,1
2024-09-28T15:00:00Z,Racing Club de Lens,OGC Nice,0,0
2024-09-28T17:00:00Z,Le Havre AC,Lille OSC,0,3
2024-09-28T19:00:00Z,AS Monaco FC,Montpellier HSC,2,1
2024-09-29T13:00:00Z,Toulouse FC,Olympique Lyonnais,1,2
2024-09-29T15:00:00Z,FC Nantes,AS Saint-Étienne,2,2
2024-09-29T15:00:00Z,Angers SCO,Stade de Reims,1,3
2024-09-29T18:45:00Z,RC Strasbourg Alsace,Olympique de Marseille,1,0
2024-10-04T18:45:00Z,Olympique de Marseille,Angers SCO,1,1
2024-10-05T15:00:00Z,AS Saint-Étienne,AJ Auxerre,3,1
2024-10-05T17:00:00Z,Lille OSC,Toulouse FC,2,1
2024-10-05T19:00:00Z,Stade Rennais FC 1901,AS Monaco FC,1,2
2024-10-06T13:00:00Z,Olympique Lyonnais,FC Nantes,2,0
2024-10-06T15:00:00Z,Stade Brestois 29,Le Havre AC,2,0
2024-10-06T15:00:00Z,RC Strasbourg Alsace,Racing Club de Lens,2,2
2024-10-06T15:00:00Z,Stade de Reims,Montpellier HSC,4,2
2024-10-06T18:45:00Z,OGC Nice,Paris Saint-Germain FC,1,1
2024-10-18T18:45:00Z,AS Monaco FC,Lille OSC,0,0
2024-10-19T15:00:00Z,Stade Brestois 29,Stade Rennais FC 1901,1,1
2024-10-19T17:00:00Z,AS Saint-Étienne,Racing Club de Lens,0,2
2024-10-19T19:00:00Z,Paris Saint-Germain FC,RC Strasbourg Alsace,4,2
2024-10-20T13:00:00Z,Le Havre AC,Olympique Lyonnais,0,4
2024-10-20T15:00:00Z,AJ Auxerre,Stade de Reims,2,1
2024-10-20T15:00:00Z,Toulouse FC,Angers SCO,1,1
2024-10-20T15:00:00Z,FC Nantes,OGC Nice,1,1
2024-10-20T18:45:00Z,Montpellier HSC,Olympique de Marseille,0,5
2024-10-25T18:45:00Z,Stade Rennais FC 1901,Le Havre AC,1,0
2024-10-26T15:00:00Z,Angers SCO,AS Saint-Étienne,4,2
2024-10-26T17:00:00Z,Stade de Reims,Stade Brestois 29,1,2
2024-10-26T19:00:00Z,Racing Club de Lens,Lille OSC,0,2
2024-10-27T14:00:00Z,Olympique Lyonnais,AJ Auxerre,2,2
2024-10-27T16:00:00Z,OGC Nice,AS Monaco FC,2,1
2024-10-27T16:00:00Z,Montpellier HSC,Toulouse FC,0,3
2024-10-27T16:00:00Z,RC Strasbourg Alsace,FC Nantes,3,1
2024-10-27T19:45:00Z,Olympique de Marseille,Paris Saint-Germain FC,0,3
2024-11-01T18:00:00Z,AS Monaco FC,Angers SCO,0,1
2024-11-01T20:00:00Z,Lille OSC,Olympique Lyonnais,1,1
2024-11-02T16:00:00Z,Paris Saint-Germain FC,Racing Club de Lens,1,0
2024-11-02T18:00:00Z,Stade Brestois 29,OGC Nice,0,1
2024-11-02T20:00:00Z,AS Saint-Étienne,RC Strasbourg Alsace,2,0
2024-11-03T14:00:00Z,Toulouse FC,Stade de Reims,1,0
2024-11-03T16:00:00Z,AJ Auxerre,Stade Rennais FC 1901,4,0
2024-11-03T16:00:00Z,Le Havre AC,Montpellier HSC,1,0
2024-11-03T19:45:00Z,FC Nantes,Olympique de Marseille,1,2
2024-11-08T19:45:00Z,Olympique de Marseille,AJ Auxerre,1,3
2024-11-09T16:00:00Z,RC Strasbourg Alsace,AS Monaco FC,1,3
2024-11-09T18:00:00Z,Racing Club de Lens,FC Nantes,3,2
2024-11-09T20:00:00Z,Angers SCO,Paris Saint-Germain FC,2,4
2024-11-10T14:00:00Z,OGC Nice,Lille OSC,2,2
2024-11-10T16:00:00Z,Montpellier HSC,Stade Brestois 29,3,1
2024-11-10T16:00:00Z,Le Havre AC,Stade de Reims,0,3
2024-11-10T16:00:00Z,Stade Rennais FC 1901,Toulouse FC,0,2
2024-11-10T19:45:00Z,Olympique Lyonnais,AS Saint-Étienne,1,0
2024-11-22T18:00:00Z,AS Monaco FC,Stade Brestois 29,3,2
2024-11-22T20:00:00Z,Paris Saint-Germain FC,Toulouse FC,3,0
2024-11-23T16:00:00Z,Racing Club de Lens,Olympique de Marseille,1,3
2024-11-23T18:00:00Z,AS Saint-Étienne,Montpellier HSC,1,0
2024-11-23T20:00:00Z,Stade de Reims,Olympique Lyonnais,1,1
2024-11-24T14:00:00Z,Lille OSC,Stade Rennais FC 1901,1,0
2024-11-24T16:00:00Z,FC Nantes,Le Havre AC,0,2
2024-11-24T16:00:00Z,AJ Auxerre,Angers SCO,1,0
2024-11-24T19:45:00Z,OGC Nice,RC Strasbourg Alsace,2,1
2024-09-17T16:45:00Z,BSC Young Boys,Aston Villa FC,0,3
2024-09-17T16:45:00Z,Juventus FC,PSV,3,1
2024-09-17T19:00:00Z,Sporting Clube de Portugal,Lille OSC,2,0
2024-09-17T19:00:00Z,FC Bayern München,GNK Dinamo Zagreb,9,2
2024-09-17T19:00:00Z,Real Madrid CF,VfB Stuttgart,3,1
2024-09-17T19:00:00Z,AC Milan,Liverpool FC,1,3
2024-09-18T16:45:00Z,Bologna FC 1909,FK Shakhtar Donetsk,0,0
2024-09-18T16:45:00Z,AC Sparta Praha,FC Red Bull Salzburg,3,0
2024-09-18T19:00:00Z,Manchester City FC,FC Internazionale Milano,0,0
2024-09-18T19:00:00Z,Paris Saint-Germain FC,Girona FC,1,0
2024-09-18T19:00:00Z,Club Brugge KV,Borussia Dortmund,0,3
2024-09-18T19:00:00Z,Celtic FC,ŠK Slovan Bratislava,5,1
2024-09-19T16:45:00Z,Feyenoord Rotterdam,Bayer 04 Leverkusen,0,4
2024-09-19T16:45:00Z,FK Crvena Zvezda,Sport Lisboa e Benfica,1,2
2024-09-19T19:00:00Z,AS Monaco FC,FC Barcelona,2,1
2024-09-19T19:00:00Z,Stade Brestois 29,SK Sturm Graz,2,1
2024-09-19T19:00:00Z,Atalanta BC,Arsenal FC,0,0
2024-09-19T19:00:00Z,Club Atlético de Madrid,RB Leipzig,2,1
2024-10-01T16:45:00Z,VfB Stuttgart,AC Sparta Praha,1,1
2024-10-01T16:45:00Z,FC Red Bull Salzburg,Stade Brestois 29,0,4
2024-10-01T19:00:00Z,ŠK Slovan Bratislava,Manchester City FC,0,4
2024-10-01T19:00:00Z,Borussia Dortmund,Celtic FC,7,1
2024-10-01T19:00:00Z,FC Barcelona,BSC Young Boys,5,0
2024-10-01T19:00:00Z,FC Internazionale Milano,FK Crvena Zvezda,4,0
2024-10-01T19:00:00Z,Bayer 04 Leverkusen,AC Milan,1,0
2024-10-01T19:00:00Z,Arsenal FC,Paris Saint-Germain FC,2,0
2024-10-01T19:00:00Z,PSV,Sporting Clube de Portugal,1,1
2024-10-02T16:45:00Z,Girona FC,Feyenoord Rotterdam,2,3
2024-10-02T16:45:00Z,FK Shakhtar Donetsk,Atalanta BC,0,3
2024-10-02T19:00:00Z,Aston Villa FC,FC Bayern München,1,0
2024-10-02T19:00:00Z,SK Sturm Graz,Club Brugge KV,0,1
2024-10-02T19:00:00Z,Liverpool FC,Bologna FC 1909,2,0
2024-10-02T19:00:00Z,RB Leipzig,Juventus FC,2,3
2024-10-02T19:00:00Z,Sport Lisboa e Benfica,Club Atlético de Madrid,4,0
2024-10-02T19:00:00Z,GNK Dinamo Zagreb,AS Monaco FC,2,2
2024-10-02T19:00:00Z,Lille OSC,Real Madrid CF,1,0
2024-10-22T16:45:00Z,AS Monaco FC,FK Crvena Zvezda,5,1
2024-10-22T16:45:00Z,AC Milan,Club Brugge KV,3,1
2024-10-22T19:00:00Z,Aston Villa FC,Bologna FC 1909,2,0
2024-10-22T19:00:00Z,Girona FC,ŠK Slovan Bratislava,2,0
2024-10-22T19:00:00Z,SK Sturm Graz,Sporting Clube de Portugal,0,2
2024-10-22T19:00:00Z,Paris Saint-Germain FC,PSV,1,1
2024-10-22T19:00:00Z,Real Madrid CF,Borussia Dortmund,5,2
2024-10-22T19:00:00Z,Arsenal FC,FK Shakhtar Donetsk,1,0
2024-10-22T19:00:00Z,Juventus FC,VfB Stuttgart,0,1
2024-10-23T16:45:00Z,Stade Brestois 29,Bayer 04 Leverkusen,1,1
2024-10-23T16:45:00Z,Atalanta BC,Celtic FC,0,0
2024-10-23T19:00:00Z,BSC Young Boys,FC Internazionale Milano,0,1
2024-10-23T19:00:00Z,FC Barcelona,FC Bayern München,4,1
2024-10-23T19:00:00Z,Manchester City FC,AC Sparta Praha,5,0
2024-10-23T19:00:00Z,RB Leipzig,Liverpool FC,0,1
2024-10-23T19:00:00Z,Club Atlético de Madrid,Lille OSC,1,3
2024-10-23T19:00:00Z,Sport Lisboa e Benfica,Feyenoord Rotterdam,1,3
2024-10-23T19:00:00Z,FC Red Bull Salzburg,GNK Dinamo Zagreb,0,2
2024-11-05T17:45:00Z,ŠK Slovan Bratislava,GNK Dinamo Zagreb,1,4
2024-11-05T17:45:00Z,PSV,Girona FC,4,0
2024-11-05T20:00:00Z,Sporting Clube de Portugal,Manchester City FC,4,1
2024-11-05T20:00:00Z,Bologna FC 1909,AS Monaco FC,0,1
2024-11-05T20:00:00Z,Borussia Dortmund,SK Sturm Graz,1,0
2024-11-05T20:00:00Z,Liverpool FC,Bayer 04 Leverkusen,4,0
2024-11-05T20:00:00Z,Real Madrid CF,AC Milan,1,3
2024-11-05T20:00:00Z,Celtic FC,RB Leipzig,3,1
2024-11-05T20:00:00Z,Lille OSC,Juventus FC,1,1
2024-11-06T17:45:00Z,Club Brugge KV,Aston Villa FC,1,0
2024-11-06T17:45:00Z,FK Shakhtar Donetsk,BSC Young Boys,2,1
2024-11-06T20:00:00Z,AC Sparta Praha,Stade Brestois 29,1,2
2024-11-06T20:00:00Z,VfB Stuttgart,Atalanta BC,0,2
2024-11-06T20:00:00Z,FC Internazionale Milano,Arsenal FC,1,0
2024-11-06T20:00:00Z,Paris Saint-Germain FC,Club Atlético de Madrid,1,2
2024-11-06T20:00:00Z,Feyenoord Rotterdam,FC Red Bull Salzburg,1,3
2024-11-06T20:00:00Z,FK Crvena Zvezda,FC Barcelona,2,5
2024-11-06T20:15:00Z,FC Bayern München,Sport Lisboa e Benfica,1,0
2024-11-26T17:45:00Z,ŠK Slovan Bratislava,AC Milan,2,3
2024-11-26T17:45:00Z,AC Sparta Praha,Club Atlético de Madrid,0,6
2024-11-26T20:00:00Z,Sporting Clube de Portugal,Arsenal FC,1,5
2024-11-26T20:00:00Z,BSC Young Boys,Atalanta BC,1,6
2024-11-26T20:00:00Z,FC Bayern München,Paris Saint-Germain FC,1,0
2024-11-26T20:00:00Z,FC Barcelona,Stade Brestois 29,3,0
2024-11-26T20:00:00Z,FC Internazionale Milano,RB Leipzig,1,0
2024-11-26T20:00:00Z,Manchester City FC,Feyenoord Rotterdam,3,3
2024-11-26T20:00:00Z,Bayer 04 Leverkusen,FC Red Bull Salzburg,5,0
2024-11-27T17:45:00Z,SK Sturm Graz,Girona FC,1,0
2024-11-27T17:45:00Z,FK Crvena Zvezda,VfB Stuttgart,5,1
2024-11-27T20:00:00Z,AS Monaco FC,Sport Lisboa e Benfica,2,3
2024-11-27T20:00:00Z,Aston Villa FC,Juventus FC,0,0
2024-11-27T20:00:00Z,Bologna FC 1909,Lille OSC,1,2
2024-11-27T20:00:00Z,Liverpool FC,Real Madrid CF,2,0
2024-11-27T20:00:00Z,Celtic FC,Club Brugge KV,1,1
2024-11-27T20:00:00Z,GNK Dinamo Zagreb,Borussia Dortmund,0,3
2024-11-27T20:00:00Z,PSV,FK Shakhtar Donetsk,3,2
2024-08-23T18:30:00Z,Borussia Mönchengladbach,Bayer 04 Leverkusen,2,3
2024-08-24T13:30:00Z,RB Leipzig,VfL Bochum 1848,1,0
2024-08-24T13:30:00Z,TSG 1899 Hoffenheim,Holstein Kiel,3,2
2024-08-24T13:30:00Z,SC Freiburg,VfB Stuttgart,3,1
2024-08-24T13:30:00Z,FC Augsburg,SV Werder Bremen,2,2
2024-08-24T13:30:00Z,1. FSV Mainz 05,1. FC Union Berlin,1,1
2024-08-24T16:30:00Z,Borussia Dortmund,Eintracht Frankfurt,2,0
2024-08-25T13:30:00Z,VfL Wolfsburg,FC Bayern München,2,3
2024-08-25T15:30:00Z,FC St. Pauli 1910,1. FC Heidenheim 1846,0,2
2024-08-30T18:30:00Z,1. FC Union Berlin,FC St. Pauli 1910,1,0
2024-08-31T13:30:00Z,VfB Stuttgart,1. FSV Mainz 05,3,3
2024-08-31T13:30:00Z,Eintracht Frankfurt,TSG 1899 Hoffenheim,3,1
2024-08-31T13:30:00Z,SV Werder Bremen,Borussia Dortmund,0,0
2024-08-31T13:30:00Z,VfL Bochum 1848,Borussia Mönchengladbach,0,2
2024-08-31T13:30:00Z,Holstein Kiel,VfL Wolfsburg,0,2
2024-08-31T16:30:00Z,Bayer 04 Leverkusen,RB Leipzig,2,3
2024-09-01T13:30:00Z,1. FC Heidenheim 1846,FC Augsburg,4,0
2024-09-01T15:30:00Z,FC Bayern München,SC Freiburg,2,0
2024-09-13T18:30:00Z,Borussia Dortmund,1. FC Heidenheim 1846,4,2
2024-09-14T13:30:00Z,RB Leipzig,1. FC Union Berlin,0,0
2024-09-14T13:30:00Z,TSG 1899 Hoffenheim,Bayer 04 Leverkusen,1,4
2024-09-14T13:30:00Z,SC Freiburg,VfL Bochum 1848,2,1
2024-09-14T13:30:00Z,VfL Wolfsburg,Eintracht Frankfurt,1,2
2024-09-14T13:30:00Z,Borussia Mönchengladbach,VfB Stuttgart,1,3
2024-09-14T16:30:00Z,Holstein Kiel,FC Bayern München,1,6
2024-09-15T13:30:00Z,FC Augsburg,FC St. Pauli 1910,3,1
2024-09-15T15:30:00Z,1. FSV Mainz 05,SV Werder Bremen,1,2
2024-09-20T18:30:00Z,FC Augsburg,1. FSV Mainz 05,2,3
2024-09-21T13:30:00Z,1. FC Heidenheim 1846,SC Freiburg,0,3
2024-09-21T13:30:00Z,SV Werder Bremen,FC Bayern München,0,5
2024-09-21T13:30:00Z,1. FC Union Berlin,TSG 1899 Hoffenheim,2,1
2024-09-21T13:30:00Z,VfL Bochum 1848,Holstein Kiel,2,2
2024-09-21T16:30:00Z,Eintracht Frankfurt,Borussia Mönchengladbach,2,0
2024-09-22T13:30:00Z,Bayer 04 Leverkusen,VfL Wolfsburg,4,3
2024-09-22T15:30:00Z,VfB Stuttgart,Borussia Dortmund,5,1
2024-09-22T17:30:00Z,FC St. Pauli 1910,RB Leipzig,0,0
2024-09-27T18:30:00Z,Borussia Dortmund,VfL Bochum 1848,4,2
2024-09-28T13:30:00Z,RB Leipzig,FC Augsburg,4,0
2024-09-28T13:30:00Z,SC Freiburg,FC St. Pauli 1910,0,3
2024-09-28T13:30:00Z,VfL Wolfsburg,VfB Stuttgart,2,2
2024-09-28T13:30:00Z,1. FSV Mainz 05,1. FC Heidenheim 1846,0,2
2024-09-28T13:30:00Z,Borussia Mönchengladbach,1. FC Union Berlin,1,0
2024-09-28T16:30:00Z,FC Bayern München,Bayer 04 Leverkusen,1,1
2024-09-29T13:30:00Z,Holstein Kiel,Eintracht Frankfurt,2,4
2024-09-29T15:30:00Z,TSG 1899 Hoffenheim,SV Werder Bremen,3,4
2024-10-04T18:30:00Z,FC Augsburg,Borussia Mönchengladbach,2,1
2024-10-05T13:30:00Z,Bayer 04 Leverkusen,Holstein Kiel,2,2
2024-10-05T13:30:00Z,SV Werder Bremen,SC Freiburg,0,1
2024-10-05T13:30:00Z,1. FC Union Berlin,Borussia Dortmund,2,1
2024-10-05T13:30:00Z,VfL Bochum 1848,VfL Wolfsburg,1,3
2024-10-05T16:30:00Z,FC St. Pauli 1910,1. FSV Mainz 05,0,3
2024-10-06T13:30:00Z,1. FC Heidenheim 1846,RB Leipzig,0,1
2024-10-06T15:30:00Z,Eintracht Frankfurt,FC Bayern München,3,3
2024-10-06T17:30:00Z,VfB Stuttgart,TSG 1899 Hoffenheim,1,1
2024-10-18T18:30:00Z,Borussia Dortmund,FC St. Pauli 1910,2,1
2024-10-19T13:30:00Z,Bayer 04 Leverkusen,Eintracht Frankfurt,2,1
2024-10-19T13:30:00Z,TSG 1899 Hoffenheim,VfL Bochum 1848,3,1
2024-10-19T13:30:00Z,SC Freiburg,FC Augsburg,3,1
2024-10-19T13:30:00Z,1. FSV Mainz 05,RB Leipzig,0,2
2024-10-19T13:30:00Z,Borussia Mönchengladbach,1. FC Heidenheim 1846,3,2
2024-10-19T16:30:00Z,FC Bayern München,VfB Stuttgart,4,0
2024-10-20T13:30:00Z,Holstein Kiel,1. FC Union Berlin,0,2
2024-10-20T15:30:00Z,VfL Wolfsburg,SV Werder Bremen,2,4
2024-10-25T18:30:00Z,1. FSV Mainz 05,Borussia Mönchengladbach,1,1
2024-10-26T13:30:00Z,VfB Stuttgart,Holstein Kiel,2,1
2024-10-26T13:30:00Z,RB Leipzig,SC Freiburg,3,1
2024-10-26T13:30:00Z,FC Augsburg,Borussia Dortmund,2,1
2024-10-26T13:30:00Z,FC St. Pauli 1910,VfL Wolfsburg,0,0
2024-10-26T16:30:00Z,SV Werder Bremen,Bayer 04 Leverkusen,2,2
2024-10-27T14:30:00Z,VfL Bochum 1848,FC Bayern München,0,5
2024-10-27T16:30:00Z,1. FC Union Berlin,Eintracht Frankfurt,1,1
2024-10-27T18:30:00Z,1. FC Heidenheim 1846,TSG 1899 Hoffenheim,0,0
2024-11-01T19:30:00Z,Bayer 04 Leverkusen,VfB Stuttgart,0,0
2024-11-02T14:30:00Z,FC Bayern München,1. FC Union Berlin,3,0
2024-11-02T14:30:00Z,Eintracht Frankfurt,VfL Bochum 1848,7,2
2024-11-02T14:30:00Z,TSG 1899 Hoffenheim,FC St. Pauli 1910,0,2
2024-11-02T14:30:00Z,VfL Wolfsburg,FC Augsburg,1,1
2024-11-02T14:30:00Z,Holstein Kiel,1. FC Heidenheim 1846,1,0
2024-11-02T17:30:00Z,Borussia Dortmund,RB Leipzig,2,1
2024-11-03T14:30:00Z,SC Freiburg,1. FSV Mainz 05,0,0
2024-11-03T16:30:00Z,Borussia Mönchengladbach,SV Werder Bremen,4,1
2024-11-08T19:30:00Z,1. FC Union Berlin,SC Freiburg,0,0
2024-11-09T14:30:00Z,SV Werder Bremen,Holstein Kiel,2,1
2024-11-09T14:30:00Z,1. FSV Mainz 05,Borussia Dortmund,3,1
2024-11-09T14:30:00Z,VfL Bochum 1848,Bayer 04 Leverkusen,1,1
2024-11-09T14:30:00Z,FC St. Pauli 1910,FC Bayern München,0,1
2024-11-09T17:30:00Z,RB Leipzig,Borussia Mönchengladbach,0,0
2024-11-10T14:30:00Z,FC Augsburg,TSG 1899 Hoffenheim,0,0
2024-11-10T16:30:00Z,VfB Stuttgart,Eintracht Frankfurt,2,3
2024-11-10T18:30:00Z,1. FC Heidenheim 1846,VfL Wolfsburg,1,3
2024-11-22T19:30:00Z,FC Bayern München,FC Augsburg,3,0
2024-11-23T14:30:00Z,Bayer 04 Leverkusen,1. FC Heidenheim 1846,5,2
2024-11-23T14:30:00Z,VfB Stuttgart,VfL Bochum 1848,2,0
2024-11-23T14:30:00Z,Borussia Dortmund,SC Freiburg,4,0
2024-11-23T14:30:00Z,TSG 1899 Hoffenheim,RB Leipzig,4,3
2024-11-23T14:30:00Z,VfL Wolfsburg,1. FC Union Berlin,1,0
2024-11-23T17:30:00Z,Eintracht Frankfurt,SV Werder Bremen,1,0
2024-11-24T14:30:00Z,Holstein Kiel,1. FSV Mainz 05,0,3
2024-11-24T16:30:00Z,Borussia Mönchengladbach,FC St. Pauli 1910,2,0
